{"cameraMode":{"drawMode":0,"name":"Shaded","section":"Shading Mode"},"sceneLighting":true,"audioPlay":false,"sceneViewState":{"showFog":true,"showMaterialUpdate":false,"showSkybox":true,"showFlares":true,"showImageEffects":true,"showParticleSystems":true},"in2DMode":false,"pivot":{"x":13.491695404052735,"y":-1.2263450622558594,"z":1.0224065780639649},"rotation":{"x":-0.08050728589296341,"y":-0.6836090087890625,"z":0.07645825296640396,"w":-0.7214884757995606},"size":7.076526641845703,"orthographic":false}