{"cameraMode":{"drawMode":0,"name":"Shaded","section":"Shading Mode"},"sceneLighting":true,"audioPlay":false,"sceneViewState":{"showFog":true,"showMaterialUpdate":false,"showSkybox":true,"showFlares":true,"showImageEffects":true,"showParticleSystems":true},"in2DMode":false,"pivot":{"x":18.234445571899415,"y":-8.864151954650879,"z":19.02777862548828},"rotation":{"x":-0.18627940118312837,"y":-0.5855558514595032,"z":0.14094991981983186,"w":-0.7763878107070923},"size":15.945834159851075,"orthographic":false}